{
  "accuracy": 1.0,
  "loss": 8.652308451928548e-07,
  "val_accuracy": 0.9949685335159302,
  "val_loss": 0.011865063570439816,
  "epoch": 97,
  "global_step": 7154
}