{
  "accuracy": 0.38945579528808594,
  "loss": 1.033249855041504,
  "val_accuracy": 0.45987260341644287,
  "val_loss": 0.9482973217964172,
  "epoch": 25,
  "global_step": 1924
}