{
  "accuracy": 0.41539114713668823,
  "loss": 0.988021731376648,
  "val_accuracy": 0.45350319147109985,
  "val_loss": 0.9373972415924072,
  "epoch": 38,
  "global_step": 2886
}