{
  "accuracy": 0.5920376777648926,
  "loss": 0.9560048580169678,
  "val_accuracy": 0.6251572370529175,
  "val_loss": 0.9170380234718323,
  "epoch": 0,
  "global_step": 73
}