{
  "accuracy": 0.4672619104385376,
  "loss": 0.8380575180053711,
  "val_accuracy": 0.5261146426200867,
  "val_loss": 0.7783169746398926,
  "epoch": 10,
  "global_step": 814
}