{
  "accuracy": 0.5855626463890076,
  "loss": 0.9924103021621704,
  "val_accuracy": 0.8076432943344116,
  "val_loss": 0.6233271956443787,
  "epoch": 1,
  "global_step": 148
}