{
  "accuracy": 0.45578232407569885,
  "loss": 0.9027250409126282,
  "val_accuracy": 0.4700636863708496,
  "val_loss": 0.8080377578735352,
  "epoch": 7,
  "global_step": 592
}