{
  "accuracy": 1.0,
  "loss": 1.6748249436204787e-06,
  "val_accuracy": 1.0,
  "val_loss": 9.30483020056272e-06,
  "epoch": 99,
  "global_step": 7300
}