{
  "accuracy": 1.0,
  "loss": 9.550764661980793e-05,
  "val_accuracy": 1.0,
  "val_loss": 0.0005142693407833576,
  "epoch": 14,
  "global_step": 1095
}