{
  "accuracy": 0.41326531767845154,
  "loss": 1.0257816314697266,
  "val_accuracy": 0.4636942744255066,
  "val_loss": 0.9508237838745117,
  "epoch": 30,
  "global_step": 2294
}