{
  "accuracy": 0.45046180486679077,
  "loss": 1.0988476276397705,
  "val_accuracy": 0.6566037535667419,
  "val_loss": 1.0959852933883667,
  "epoch": 6,
  "global_step": 525
}