{
  "accuracy": 0.8237791657447815,
  "loss": 0.30286210775375366,
  "val_accuracy": 0.8636942505836487,
  "val_loss": 0.510309100151062,
  "epoch": 27,
  "global_step": 2072
}