{
  "accuracy": 0.39753401279449463,
  "loss": 1.0204819440841675,
  "val_accuracy": 0.434394896030426,
  "val_loss": 0.9566622972488403,
  "epoch": 35,
  "global_step": 2664
}