{
  "accuracy": 0.4030612111091614,
  "loss": 1.033961296081543,
  "val_accuracy": 0.44458597898483276,
  "val_loss": 0.9552382230758667,
  "epoch": 28,
  "global_step": 1073
}