{
  "accuracy": 0.7558386325836182,
  "loss": 0.4526485502719879,
  "val_accuracy": 0.6815286874771118,
  "val_loss": 0.7471117377281189,
  "epoch": 13,
  "global_step": 1036
}