{
  "accuracy": 0.6721000075340271,
  "loss": 0.9331015348434448,
  "val_accuracy": 0.6585000157356262,
  "val_loss": 0.9872751235961914,
  "epoch": 4,
  "global_step": 7815
}