{
  "accuracy": 0.40051019191741943,
  "loss": 0.9998058080673218,
  "val_accuracy": 0.434394896030426,
  "val_loss": 0.9682444334030151,
  "epoch": 37,
  "global_step": 1406
}