{
  "accuracy": 1.0,
  "loss": 0.00023892062017694116,
  "val_accuracy": 1.0,
  "val_loss": 0.0002750266867224127,
  "epoch": 14,
  "global_step": 1095
}