{
  "accuracy": 0.47356000542640686,
  "loss": 1.4647154808044434,
  "val_accuracy": 0.482699990272522,
  "val_loss": 1.441637635231018,
  "epoch": 4,
  "global_step": 7815
}