{
  "accuracy": 0.5284863710403442,
  "loss": 0.7142083644866943,
  "val_accuracy": 0.48917198181152344,
  "val_loss": 0.8392417430877686,
  "epoch": 14,
  "global_step": 555
}