{
  "accuracy": 0.5654761791229248,
  "loss": 0.5964349508285522,
  "val_accuracy": 0.4904458522796631,
  "val_loss": 0.8190103769302368,
  "epoch": 23,
  "global_step": 888
}