{
  "accuracy": 0.38818028569221497,
  "loss": 1.0080305337905884,
  "val_accuracy": 0.46878981590270996,
  "val_loss": 0.9361691474914551,
  "epoch": 32,
  "global_step": 2442
}