{
  "accuracy": 0.4851190447807312,
  "loss": 0.8444432616233826,
  "val_accuracy": 0.49808916449546814,
  "val_loss": 0.7891395688056946,
  "epoch": 10,
  "global_step": 407
}