{
  "accuracy": 1.0,
  "loss": 0.0010296183172613382,
  "val_accuracy": 0.99370276927948,
  "val_loss": 0.030398644506931305,
  "epoch": 9,
  "global_step": 730
}