{
  "accuracy": 0.4158163368701935,
  "loss": 1.0076788663864136,
  "val_accuracy": 0.4254777133464813,
  "val_loss": 0.9356397390365601,
  "epoch": 28,
  "global_step": 2146
}