{
  "accuracy": 0.5696893334388733,
  "loss": 1.098740577697754,
  "val_accuracy": 0.6566037535667419,
  "val_loss": 1.0982614755630493,
  "epoch": 2,
  "global_step": 225
}