{
  "accuracy": 0.41113945841789246,
  "loss": 0.9914463758468628,
  "val_accuracy": 0.43821656703948975,
  "val_loss": 0.9550081491470337,
  "epoch": 37,
  "global_step": 2812
}