{
  "accuracy": 0.33801019191741943,
  "loss": 1.0733028650283813,
  "val_accuracy": 0.47388535737991333,
  "val_loss": 0.9662519097328186,
  "epoch": 9,
  "global_step": 370
}