{
  "accuracy": 0.4009353816509247,
  "loss": 1.0016469955444336,
  "val_accuracy": 0.45095542073249817,
  "val_loss": 0.9336690902709961,
  "epoch": 57,
  "global_step": 2146
}