{
  "accuracy": 0.18681779503822327,
  "loss": NaN,
  "val_accuracy": 0.17610062658786774,
  "val_loss": NaN,
  "epoch": 0,
  "global_step": 75
}