{
  "accuracy": 0.6602972149848938,
  "loss": 0.9220935106277466,
  "val_accuracy": 0.7770700454711914,
  "val_loss": 0.7076725363731384,
  "epoch": 4,
  "global_step": 370
}