{
  "accuracy": 0.4285714328289032,
  "loss": 0.9933646321296692,
  "val_accuracy": 0.4547770619392395,
  "val_loss": 0.937009871006012,
  "epoch": 35,
  "global_step": 2664
}