{
  "accuracy": 0.4183673560619354,
  "loss": 1.0311675071716309,
  "val_accuracy": 0.45095542073249817,
  "val_loss": 0.9627583622932434,
  "epoch": 38,
  "global_step": 1443
}