{
  "accuracy": 0.5017006993293762,
  "loss": 0.7427470684051514,
  "val_accuracy": 0.476433128118515,
  "val_loss": 0.8364281058311462,
  "epoch": 14,
  "global_step": 555
}