{
  "accuracy": 0.7200400233268738,
  "loss": 0.8066293001174927,
  "val_accuracy": 0.6973999738693237,
  "val_loss": 0.8751575350761414,
  "epoch": 4,
  "global_step": 7815
}