{
  "accuracy": 0.70933997631073,
  "loss": 0.8408082127571106,
  "val_accuracy": 0.6881999969482422,
  "val_loss": 0.9123139381408691,
  "epoch": 4,
  "global_step": 7815
}