{
  "accuracy": 1.0,
  "loss": 0.0003147148818243295,
  "val_accuracy": 0.992443323135376,
  "val_loss": 0.02010274864733219,
  "epoch": 6,
  "global_step": 511
}