{
  "accuracy": 0.6204869747161865,
  "loss": 1.0987032651901245,
  "val_accuracy": 0.6566037535667419,
  "val_loss": 1.0959105491638184,
  "epoch": 0,
  "global_step": 75
}