{
  "accuracy": 0.6998400092124939,
  "loss": 0.858561635017395,
  "val_accuracy": 0.6741999983787537,
  "val_loss": 0.9447546005249023,
  "epoch": 4,
  "global_step": 7815
}