{
  "accuracy": 1.0,
  "loss": 0.0002608771319501102,
  "val_accuracy": 1.0,
  "val_loss": 0.0016336366534233093,
  "epoch": 9,
  "global_step": 730
}