{
  "accuracy": 0.6301486492156982,
  "loss": 0.9145963788032532,
  "val_accuracy": 0.9044585824012756,
  "val_loss": 0.5268135070800781,
  "epoch": 7,
  "global_step": 592
}