{
  "accuracy": 0.517212450504303,
  "loss": 1.0987204313278198,
  "val_accuracy": 0.6566037535667419,
  "val_loss": 1.0973035097122192,
  "epoch": 3,
  "global_step": 300
}