{
  "accuracy": 0.386904776096344,
  "loss": 1.0408111810684204,
  "val_accuracy": 0.428025484085083,
  "val_loss": 0.9986293911933899,
  "epoch": 31,
  "global_step": 1184
}