{
  "accuracy": 0.5250850319862366,
  "loss": 0.7250761389732361,
  "val_accuracy": 0.4458598792552948,
  "val_loss": 0.8921209573745728,
  "epoch": 16,
  "global_step": 1258
}