{
  "accuracy": 0.40731292963027954,
  "loss": 0.9678852558135986,
  "val_accuracy": 0.4942675232887268,
  "val_loss": 0.7997470498085022,
  "epoch": 4,
  "global_step": 370
}