{
  "accuracy": 1.0,
  "loss": 0.012517798691987991,
  "val_accuracy": 1.0,
  "val_loss": 0.010951620526611805,
  "epoch": 14,
  "global_step": 1095
}