{
  "accuracy": 0.3945578336715698,
  "loss": 1.0181257724761963,
  "val_accuracy": 0.44713374972343445,
  "val_loss": 0.9431044459342957,
  "epoch": 32,
  "global_step": 2442
}