{
  "accuracy": 0.4056122303009033,
  "loss": 0.9981964230537415,
  "val_accuracy": 0.40764331817626953,
  "val_loss": 0.9947662949562073,
  "epoch": 57,
  "global_step": 2146
}