{
  "accuracy": 0.38497060537338257,
  "loss": 1.1064002513885498,
  "val_accuracy": 0.6566037535667419,
  "val_loss": 0.9970556497573853,
  "epoch": 1,
  "global_step": 150
}