{
  "accuracy": 0.34778910875320435,
  "loss": 1.0308263301849365,
  "val_accuracy": 0.4420382082462311,
  "val_loss": 0.9407716393470764,
  "epoch": 19,
  "global_step": 740
}