{
  "accuracy": 0.4808673560619354,
  "loss": 0.8462831377983093,
  "val_accuracy": 0.43184712529182434,
  "val_loss": 0.8725947737693787,
  "epoch": 8,
  "global_step": 333
}