{
  "accuracy": 0.3830782175064087,
  "loss": 1.024308204650879,
  "val_accuracy": 0.4216560423374176,
  "val_loss": 0.9905729293823242,
  "epoch": 39,
  "global_step": 1480
}