{
  "accuracy": 1.0,
  "loss": 1.394175939140041e-07,
  "val_accuracy": 1.0,
  "val_loss": 2.8213638870511204e-05,
  "epoch": 99,
  "global_step": 7300
}