{
  "accuracy": 0.48947998881340027,
  "loss": 1.4217886924743652,
  "val_accuracy": 0.4909999966621399,
  "val_loss": 1.406427025794983,
  "epoch": 4,
  "global_step": 7815
}