{
  "accuracy": 1.0,
  "loss": 0.0001960104564204812,
  "val_accuracy": 0.99622642993927,
  "val_loss": 0.0071916962042450905,
  "epoch": 14,
  "global_step": 1095
}