{
  "accuracy": 0.8208068013191223,
  "loss": 0.30948445200920105,
  "val_accuracy": 0.7987261414527893,
  "val_loss": 0.5858771204948425,
  "epoch": 16,
  "global_step": 1258
}