{
  "accuracy": 0.39753401279449463,
  "loss": 1.0210251808166504,
  "val_accuracy": 0.4394904375076294,
  "val_loss": 0.9681566953659058,
  "epoch": 31,
  "global_step": 1184
}