{
  "accuracy": 0.44515305757522583,
  "loss": 0.8888617157936096,
  "val_accuracy": 0.46496814489364624,
  "val_loss": 0.8157430291175842,
  "epoch": 8,
  "global_step": 666
}