{
  "accuracy": 0.6225053071975708,
  "loss": 1.0399236679077148,
  "val_accuracy": 0.9273885488510132,
  "val_loss": 0.6524259448051453,
  "epoch": 2,
  "global_step": 222
}