{
  "accuracy": 0.7178599834442139,
  "loss": 0.8089202046394348,
  "val_accuracy": 0.6917999982833862,
  "val_loss": 0.8994099497795105,
  "epoch": 4,
  "global_step": 7815
}