{
  "accuracy": 0.4857262670993805,
  "loss": 1.0987275838851929,
  "val_accuracy": 0.6566037535667419,
  "val_loss": 1.0970289707183838,
  "epoch": 6,
  "global_step": 525
}