{
  "accuracy": 0.3979591727256775,
  "loss": 1.013379454612732,
  "val_accuracy": 0.4522292912006378,
  "val_loss": 0.9427970051765442,
  "epoch": 35,
  "global_step": 1332
}