{
  "accuracy": 0.41709184646606445,
  "loss": 0.9910057187080383,
  "val_accuracy": 0.46242037415504456,
  "val_loss": 0.9267573356628418,
  "epoch": 38,
  "global_step": 2886
}