{
  "accuracy": 0.7197452187538147,
  "loss": 0.5412209630012512,
  "val_accuracy": 0.5885350108146667,
  "val_loss": 0.8500876426696777,
  "epoch": 11,
  "global_step": 888
}