{
  "accuracy": 0.37840136885643005,
  "loss": 1.0443174839019775,
  "val_accuracy": 0.5082802772521973,
  "val_loss": 0.8801575899124146,
  "epoch": 15,
  "global_step": 1184
}