{
  "accuracy": 1.0,
  "loss": 2.542512902437011e-07,
  "val_accuracy": 1.0,
  "val_loss": 6.422847604881099e-07,
  "epoch": 98,
  "global_step": 7227
}