{
  "accuracy": 0.39158162474632263,
  "loss": 1.0306360721588135,
  "val_accuracy": 0.4331210255622864,
  "val_loss": 0.9776263236999512,
  "epoch": 35,
  "global_step": 1332
}