{
  "accuracy": 1.0,
  "loss": 0.0001671371137490496,
  "val_accuracy": 1.0,
  "val_loss": 0.00025827030185610056,
  "epoch": 14,
  "global_step": 1095
}