{
  "accuracy": 0.5019000172615051,
  "loss": 1.3900442123413086,
  "val_accuracy": 0.504800021648407,
  "val_loss": 1.3709760904312134,
  "epoch": 4,
  "global_step": 7815
}