{
  "accuracy": 0.40646257996559143,
  "loss": 1.0146807432174683,
  "val_accuracy": 0.4522292912006378,
  "val_loss": 0.9629868865013123,
  "epoch": 36,
  "global_step": 2738
}