{
  "accuracy": 1.0,
  "loss": 8.334875928994734e-06,
  "val_accuracy": 1.0,
  "val_loss": 1.3762416529061738e-05,
  "epoch": 99,
  "global_step": 7300
}