{
  "accuracy": 0.41496598720550537,
  "loss": 1.0070915222167969,
  "val_accuracy": 0.4484076499938965,
  "val_loss": 0.9487759470939636,
  "epoch": 51,
  "global_step": 1924
}