{
  "accuracy": 0.3165407180786133,
  "loss": 1.0987629890441895,
  "val_accuracy": 0.6566037535667419,
  "val_loss": 1.0973317623138428,
  "epoch": 3,
  "global_step": 300
}