{
  "accuracy": 0.5017006993293762,
  "loss": 0.7920370101928711,
  "val_accuracy": 0.4585987329483032,
  "val_loss": 0.8131103515625,
  "epoch": 11,
  "global_step": 888
}