{
  "accuracy": 0.39672544598579407,
  "loss": 1.0987669229507446,
  "val_accuracy": 0.6566037535667419,
  "val_loss": 1.0972973108291626,
  "epoch": 1,
  "global_step": 150
}