{
  "accuracy": 0.4517212510108948,
  "loss": 1.156185507774353,
  "val_accuracy": 0.17610062658786774,
  "val_loss": 1.096825122833252,
  "epoch": 0,
  "global_step": 75
}