{
  "accuracy": 0.42821159958839417,
  "loss": 1.098724603652954,
  "val_accuracy": 0.6566037535667419,
  "val_loss": 1.0981172323226929,
  "epoch": 11,
  "global_step": 900
}