{
  "accuracy": 1.0,
  "loss": 0.0011258642189204693,
  "val_accuracy": 0.99245285987854,
  "val_loss": 0.031092805787920952,
  "epoch": 9,
  "global_step": 730
}