{
  "accuracy": 0.6272040009498596,
  "loss": 0.9201259613037109,
  "val_accuracy": 0.6566037535667419,
  "val_loss": 0.8870722055435181,
  "epoch": 14,
  "global_step": 1125
}