{
  "accuracy": 0.3266162872314453,
  "loss": 1.1019675731658936,
  "val_accuracy": 0.6566037535667419,
  "val_loss": 1.0022038221359253,
  "epoch": 4,
  "global_step": 375
}