{
  "accuracy": 0.18219983577728271,
  "loss": NaN,
  "val_accuracy": 0.17610062658786774,
  "val_loss": NaN,
  "epoch": 0,
  "global_step": 75
}