{
  "accuracy": 0.48171767592430115,
  "loss": 0.8053069114685059,
  "val_accuracy": 0.4700636863708496,
  "val_loss": 0.8287731409072876,
  "epoch": 11,
  "global_step": 444
}