{
  "accuracy": 1.0,
  "loss": 1.24261276823745e-07,
  "val_accuracy": 1.0,
  "val_loss": 5.446584054880077e-06,
  "epoch": 99,
  "global_step": 7300
}