{
  "accuracy": 0.43579933047294617,
  "loss": 0.914328932762146,
  "val_accuracy": 0.48917198181152344,
  "val_loss": 0.8279559016227722,
  "epoch": 7,
  "global_step": 592
}