{
  "accuracy": 0.3707483112812042,
  "loss": 1.04478120803833,
  "val_accuracy": 0.4573248326778412,
  "val_loss": 0.9561716914176941,
  "epoch": 17,
  "global_step": 1332
}