{
  "accuracy": 1.0,
  "loss": 0.00019718008115887642,
  "val_accuracy": 1.0,
  "val_loss": 0.00021621683845296502,
  "epoch": 14,
  "global_step": 1095
}