{
  "accuracy": 0.4909000098705292,
  "loss": 1.4225622415542603,
  "val_accuracy": 0.48899999260902405,
  "val_loss": 1.4127285480499268,
  "epoch": 4,
  "global_step": 7815
}