{
  "accuracy": 1.0,
  "loss": 0.0002155354741262272,
  "val_accuracy": 0.989924430847168,
  "val_loss": 0.023861564695835114,
  "epoch": 14,
  "global_step": 1095
}