{
  "accuracy": 1.0,
  "loss": 0.0005239037564024329,
  "val_accuracy": 1.0,
  "val_loss": 0.0010913694277405739,
  "epoch": 14,
  "global_step": 1095
}