{
  "accuracy": 1.0,
  "loss": 0.00018496190023142844,
  "val_accuracy": 0.99622642993927,
  "val_loss": 0.00829804502427578,
  "epoch": 14,
  "global_step": 1095
}