{
  "accuracy": 1.0,
  "loss": 6.790530460420996e-05,
  "val_accuracy": 0.9647798538208008,
  "val_loss": 0.08961468935012817,
  "epoch": 15,
  "global_step": 1168
}