{
  "accuracy": 0.36564627289772034,
  "loss": 1.0438969135284424,
  "val_accuracy": 0.46878981590270996,
  "val_loss": 0.9619901180267334,
  "epoch": 19,
  "global_step": 1480
}