{
  "accuracy": 1.0,
  "loss": 0.012151994742453098,
  "val_accuracy": 1.0,
  "val_loss": 0.012854453176259995,
  "epoch": 14,
  "global_step": 1095
}