{
  "accuracy": 0.7138199806213379,
  "loss": 0.8256747126579285,
  "val_accuracy": 0.6984000205993652,
  "val_loss": 0.8929669857025146,
  "epoch": 4,
  "global_step": 7815
}