{
  "accuracy": 0.5280612111091614,
  "loss": 0.8066954016685486,
  "val_accuracy": 0.4420382082462311,
  "val_loss": 0.9030057787895203,
  "epoch": 11,
  "global_step": 444
}