{
  "accuracy": 0.7099800109863281,
  "loss": 0.8346142172813416,
  "val_accuracy": 0.6679999828338623,
  "val_loss": 0.9694055914878845,
  "epoch": 4,
  "global_step": 7815
}