{
  "accuracy": 1.0,
  "loss": 0.001560373930260539,
  "val_accuracy": 0.9949685335159302,
  "val_loss": 0.01380635891109705,
  "epoch": 13,
  "global_step": 1022
}