{
  "accuracy": 0.6982200145721436,
  "loss": 0.8652069568634033,
  "val_accuracy": 0.6802999973297119,
  "val_loss": 0.9276266694068909,
  "epoch": 4,
  "global_step": 7815
}