{
  "accuracy": 0.3550170063972473,
  "loss": 1.0557177066802979,
  "val_accuracy": 0.5082802772521973,
  "val_loss": 0.9391387701034546,
  "epoch": 13,
  "global_step": 518
}