{
  "accuracy": 1.0,
  "loss": 0.0002044831053353846,
  "val_accuracy": 0.9949685335159302,
  "val_loss": 0.012856042943894863,
  "epoch": 10,
  "global_step": 803
}