{
  "accuracy": 0.6272040009498596,
  "loss": 0.9202489256858826,
  "val_accuracy": 0.6566037535667419,
  "val_loss": 0.8827136158943176,
  "epoch": 10,
  "global_step": 825
}