{
  "accuracy": 1.0,
  "loss": 0.0015677881892770529,
  "val_accuracy": 0.9886792302131653,
  "val_loss": 0.03403368219733238,
  "epoch": 13,
  "global_step": 1022
}